School Name,Region,District,Town/City,School Type,Contact Email,Contact Phone,Latitude,Longitude
"Achimota Senior High","Greater Accra","Okaikwei North","Achimota","Mixed","Info@achimota.edu.gh","+233 54 335 5293, +233 24 420 3367, +233 24 476 9163","5.6242019","-0.2276807"
"Adisadel College","Central","Cape Coast","Cape Coast","Boys","adisadelcollege.edu@gmail.com","+233 24 458 6786, +233 20 512 2241","5.1080932","-1.2417103"
"Accra Academy","Greater Accra","Accra","Kaneshie","Boys","info@accraacademy.edu.gh","+233 24 436 6598, +233 23 850 1622, +233 30 222 1721","5.5665786","-0.2344584"
"Presby Boys' Senior High, Legon","Greater Accra","La Nkwantanang Madina","Legon","Boys","preseclegon38@gmail.com","+23324 325 4847, +233 032 50 0945","5.6476582","-0.1960267"
"Wesley Girls' High School, Cape Coast","Central","Cape Coast","Cape Coast","Girls","info@wesleygirls.edu.gh","0240313002","5.1080932","-1.2417103"
"Holy Child School, Cape Coast","Central","Cape Coast","Cape Coast","Girls","holychildj@yahoo.com","+233 24 454 5918","5.1080932","-1.2417103"
"Prempeh College","Ashanti","Kumasi Metro","Sofoline-Kumasi","Boys","info@mysite.com","+233 20 573 6772, +233 24 317 4491","6.701216","-1.6486251"
"St. Louis Senior High, Kumasi","Ashanti","Kumasi Metro","Oduom-Kumasi","Girls","stlouisseniorhighschool@yahoo.com","+233 54 780 0131","6.6923537","-1.5434307"
"Opoku Ware School","Ashanti","Kumasi Metro","Santasi-Kumasi","Boys","opokuwareschool52@gmail.com","+233 32 202 3812, +233 20 938 1990","6.6551985","-1.6469954"
"Ghana Senior High, Koforidua","Eastern","New Juaben North Municipal","Koforidua","Mixed","ghanashskoforidua@ges.gov.gh","+233 20 882 0410","6.100334","-0.2614572"
"Mawuli School, Ho","Volta","Ho Municipal","Ho","Mixed","info@mawulischool.edu.gh","+233 20 820 0199, +233 36 202 6221","6.6126598","0.4688932"
"Accra Tech. Trg. Centre","Greater Accra","Ayawaso South","Kokomlemle","Mixed","attcvice.acad@gmail.com","+233 20 813 5961, +233 30 222 8356","5.5755147","-0.2088731"
"Mfantsiman Girls' Senior High","Central","Mfantseman Municipal","Mfantseman","Girls","mgssinfo@gmail.com","+233 20 955 4881, +233 55 624 1100, +233 033 219 2017","5.20461","-1.052489"
"Yaa Asantewaa Girls Senior High .","Ashanti","Kumasi Metro","Tanoso-Kumasi","Girls","info@yagshs.edu.gh","+233 24 457 0712, +233 32 205 0016","6.6968818","-1.6910308"
"St. Augustine's College, Cape Coast","Central","Cape Coast","Cape Coast","Boys","auguscocapecoast@yahoo.com","+233 20 871 8742, +233 33 213 2733","5.1080932","-1.2417103"
"Kumasi High School","Ashanti","Kumasi Metro","Gyinyase-Kumasi","Boys","akwasio100@gmail.com","+233 20 672 9148","6.6609258","-1.5746176"
"T. I. Ahmadiyya Senior High, Kumasi","Ashanti","Kumasi Metro","Kumasi - Stadium","Mixed","admin@realamass.edu.gh","+233 20 826 4955, +233 32 202 2881","6.6985605","-1.6233086"
"Ghana National College","Central","Cape Coast","Cape Coast","Mixed","ghanacol@yahoo.com","+233 20 900 9994","5.1080932","-1.2417103"
"St. Peter's Senior High, Nkwatia","Eastern","Kwahu East","Nkwatia","Boys","info@stpeters.edu.gh","+233 20 124 8687, +233 24 881 4310","6.6318324","-0.7410388"
"Tamale Senior High .","Northern","Sagnerigu Municipal","Tamale","Mixed","tamaleshs@ges.gov.gh","+233 20 778 6072, +233 24 406 5293","9.4051992","-0.8423986"
"Accra Wesley Girls High","Greater Accra","Accra","Kaneshie","Girls","accrawesleygirlshs@yahoo.com","+233 30 224 3639, +233 24 343 9907","5.5665786","-0.2344584"
"Labone Senior High","Greater Accra","La Dade-Kotopon Municipal","Labone","Mixed","laboneshs@gmail.com","+233 27 068 9232, +233 24 324 8901, +233 24 355 4246, +233 24 477 7695","5.5698193","-0.1720821"
"Cape Coast Tech. Inst.","Central","Cape Coast","Cape Coast","Mixed","greatbiseco@yahoo.com","+233 24 459 7212, +233 24 288 8478","5.1080932","-1.2417103"
"KNUST Senior High","Ashanti","Kumasi Metro","KNUST/Boadi Junction","Mixed","techsec@email.com","+233 55 788 9989, +233 32 206 0140, +233 24 697 7891","6.6785135","-1.575422"
"Tema Senior High","Greater Accra","Tema West Municipal","Tema Comm 5","Mixed","admin@temascho.com","+233 24 407 0084","5.6102888","-0.0500946"
"Bosomtwe STEM Academy","Ashanti","Bosomtwe","Jachie","Boys","support@basic.edu.gh","0240313002","6.5700264","-1.5200748"
"Koforidua Tech. Inst.","Eastern","New Juaben South Municipal","Koforidua","Mixed","info@ktu.edu.gh","+233 20 840 9214, +233 24 467 1202","6.100334","-0.2614572"
"Kpando Tech. Inst.","Volta","Kpando Municipal","Kpando","Mixed","kpantechschool@yahoo.com","+233 50 133 5205, +233 50 133 5206, +233 50 133 5202, +233 208 899 328","6.9971645","0.2937002"
"Okuapeman Senior High","Eastern","Akwapim North Municipal","Akropong","Mixed","okuas@okuas.20m.com","+233 24 478 6058, +233 34 202 4345","5.9705603","-0.0891667"
"St. James Sem & Senior High, Abesim","Bono","Sunyani","Abesim","Boys","st.jamessemshs@ges.gov.gh","0240313002","7.287233","-2.2693527"
"St. Rose's Senior High, Akwatia","Eastern","Denkyembour","Akwatia","Girls","st.rosessenior@yahoo.com","+233 20 818 6781, +233 20 988 9966","6.0422","-0.797137"
"Aggrey Mem. A.M.E.Zion Snr. High","Central","Abura Asebu Kwamankese","Cape Coast","Mixed","aggreymemamezionshs@ges.gov.gh","0240313002","5.1080932","-1.2417103"
"Armed Forces Senior High/Tech, Kumasi","Ashanti","Kumasi Metro","Bantama-Kumasi","Mixed","armedforceskumasishst@ges.gov.gh","0240313002","6.7051319","-1.63486"
"Koforidua Senior High/Tech","Eastern","New Juaben North Municipal","Koforidua","Mixed","mmarimamma@alumni.comPhone","0240313002","6.100334","-0.2614572"
"Abetifi Kyemase Technical Institute","Eastern","Kwahu East","Abetifi","Mixed","abetifivti@gmail.com","+233 54 375 6579, +233 24 194 4961","6.672433","-0.743845"
"Ada Tech. Inst.","Greater Accra","Ada East","Ada","Mixed","adatechinstitute@yahoo.com","+233 24 233 7811, +233 24 483 4087, +233 28 955 5155, +233 20 828 8005, +233 54 748 2431","5.5996507","-0.1134774"
"Ebenezer Senior High","Greater Accra","Accra","Dansoman","Mixed","info@gopadua.net","+23320 177 0225, 233 +24 403 4276, +233 +233 55 965 1014, +233 30 298 6227","5.5448458","-0.2680674"
"St. Thomas Aquinas Senior High, Cantoments","Greater Accra","La Dade-Kotopon Municipal","Cantonments","Boys","Accrainfo@staquinasshs.org","+233 24 316 0507","5.5841563","-0.1692489"
"Bolga Tech. Inst.","Upper East","Bolgatanga Municipal","Bolgatanga","Mixed","info@gtvets.gov.gh","038 202 3005, 055 424 8816","10.7853963","-0.8487322"
"Ofori Panin Senior High","Eastern","Abuakwa North Municipal","Kukurantumi","Mixed","oforipaninshsofficial@gmail.com","+233 24 442 5137, +233 20 850 5988","6.1887835","-0.3636951"
"Sunyani Senior High","Bono","Sunyani","Sunyani","Mixed","susec@susec.edu.gh","+233554385614","7.3281795","-2.3226661"
"Tema Tech. Inst.","Greater Accra","Tema","Tema","Mixed","Tematechinst@yahoo.com","+233 24 421 5350, +233 25 737 9112","5.6596409","-0.0096771"
"Asuansi Tech. Inst.","Central","Abura Asebu Kwamankese","Asuansi","Mixed","asutech1917@gmail.com","+233 20 875 2803, +233 24 499 1448","5.3024204","-1.2368219"
"Christian Methodist Senior High","Greater Accra","Ga South","Aplaku (Weija)","Mixed","christianmethodistshs@ges.gov.gh","+233 24 678 9006, +233 24 478 6058, +233 24 382 9510","5.5497922","-0.3292626"
"Dabokpa Voc/Tech. Inst.","Northern","Tamale Metro","Tamale","Mixed","dabokpatechvocinst@ges.gov.gh","+233 20 827 0117","9.4051992","-0.8423986"
"Kpasenpke STEM Senior High","North East","West Mamprusi","Kpasenkpe","Mixed","stemshskpasenkpe4.2022@gmail.com","0240313002","10.4431776","-1.0491974"
"Kumasi Senior High/Tech","Ashanti","Kumasi Metro","Patasi-Kumasi","Mixed","kstsedu.gh91@gmail.com","0240313002","6.6801443","-1.6433144"
"Our Lady of Providence Senior High","Bono","Jaman South","Kwasi Buokrom","Girls","olpgirls@gmail.com","+233202660329","7.85","-2.53333"
"Presby Senior High, Teshie","Greater Accra","Ledzokuku","Teshie","Mixed","teshiepresec@gmail.com","+233 24 483 7052, +233 55 055 8829","5.5822343","-0.1135104"
"Sekondi College","Western","Sekondi Takoradi","Sekondi","Mixed","support@sekco.edu.gh","024 493 8600","4.937","-1.7127928"
"St. John's Senior High, Sekondi","Western","Sekondi Takoradi","Sekondi","Boys","info@stjohnsschool.edu.gh","0240313002","4.937","-1.7127928"
"Takoradi Tech. Inst.","Western","Effia Kwesimintsim Municipal","Takoradi","Mixed","gacious13@gmail.com","+233 55 393 4214, +233 54 953 3975","4.887401","-1.7519316"
"Ada Senior High/Tech.","Greater Accra","Ada West","Sege","Mixed","Astechsege@gmail.com","0240313002","5.8749479","0.3616909"
"Adeiso Presby Senior High","Eastern","Upper West Akim Municipal","Adeiso","Mixed","presbyadeisoshs@ges.gov.gh","+233 20 775 9796","5.7971342","-0.4872364"
"Agric Nzema Senior High, Kumasi","Ashanti","Kwadaso","Kumasi","Mixed","agricnzemashs@gmail.com","+233 242688586, +233 24 446 9152","6.6985605","-1.6233086"
"Kumasi Academy","Ashanti","Asokore Mampong Municipal","Asokore Mampong","Mixed","Info@kumaca.edu.gh","+233 24 427 5866, +233 20 082 2649, +233 32 206 0096, +233 20839 4660","6.7077852","-1.5665013"
"Nkoranza Tech Inst.","Bono East","Nkoranza South","Nkoranza","Mixed","ntiprinc07@yahoo.com","024 146 4912","7.6840763","-1.6507715"
"Presby Senior High, Mampong Akwapim","Eastern","Akwapim North Municipal","Mampong-Akwapim","Mixed","mypresec@gmail.com","+233 50 709 5666, +233 24 476 1356","6.3879799","-0.529084"
"Suame Technical Institute","Ashanti","Suame","Suame","Mixed","support@basic.edu.gh","0240313002","6.7163628","-1.6369204"
"Adako Jachie Technical Institute","Ashanti","Ejisu Municipal","Kwamo","Mixed","ajtinstitute@gmail.com","+233242671013, +233554455212","6.7144473","-1.503254"
"Adjen Kotoku Senior High","Greater Accra","Ga West","Adjen Kotoku","Mixed","AdjenKotokushs2016@gmail.com","+233 20 819 2350, +233 50 602 0102","5.7363349","-0.3605708"
"Adu Gyamfi Senior High","Ashanti","Sekyere South","Jamasi","Mixed","adugyamfishs@ges.gov.gh","+233 20 878 8556, +233 27 712 1710","6.9732864","-1.4743803"
"Agogo State College","Ashanti","Asante Akim North","Agogo","Mixed","support@basic.edu.gh","+233 20 463 0371, +233 24 940 4372","6.8008746","-1.0847298"
"Agona Technical Institute","Ashanti","Sekyere South","Agona Ashanti","Mixed","info@gtvets.gov.gh","0240313002","6.9335669","-1.4889522"
"Anlo Tech. Inst.","Volta","Anloga","Anloga","Mixed","anlotechinst@ges.gov.gh","+233 24 418 5239, +233 20 022 368","5.7936484","0.8984702"
"Ashiaman Senior High","Greater Accra","Ashiaman","Ashiaman","Mixed","ashiamanshs@ges.gov.gh","0240313002","5.6918439","-0.0257734"
"Assin State College","Central","Assin North","Assin Bereku","Mixed","assinstatecollege@gmail.com","+233 20 882 9743, +233 24 220 6063, +233 24 487 1422, +233 24 425 7955, +233 54 683 9385, +233 54 053 4088","5.8678477","-1.3389563"
"Awaso STEM Senior High","Western North","Bibiani Anhwiaso Bekwai","Awaso","Mixed","awasostem@gmail.com","0240313002","6.242526","-2.284566"
"Business Senior High, Tamale","Northern","Tamale Metro","Tamale","Mixed","bshstamale@gmail.com","020 452 8853, 037 209 3266, 037 202 2461","9.4051992","-0.8423986"
"East Legon Applied Technology Institute","Greater Accra","Accra","East Legon","Mixed","info@gtvets.gov.gh","0240313002","5.6354803","-0.1617155"
"Government Technical Institute","Greater Accra","Okaikwei South","Kaneshie-Accra","Mixed","pro@moe.gov.gh","0240313002","5.5665786","-0.2344584"
"Kikam Tech. Inst.","Western","Ellembele","Kikam","Mixed","Kimtechmail@yahoo.com","+233 54 656 1424, +233 54 220 2670, +233 24 438 0894","4.9274023","-2.3244929"
"Kumasi Girls Senior High,","Ashanti","Kumasi Metro","Abrepo","Girls","info@kumasigirlsshs.com","+233 24 284 3825","6.7272682","-1.6542739"
"O'Reilly Senior High","Greater Accra","Ledzokuku","Okpoi Gonno","Mixed","oreillyadmns@gmail.com","+233 20 607 2724, +233 20 817 7270","5.6273704","-0.1086067"
"OLA Girls Senior High, Kenyasi","Ahafo","Asutifi North","Kenyasi","Girls","office@olagirlskenyasi.edu.gh","+233 20 542 3123, +233 20 815 8867","6.9611303","-2.3697472"
"Obuasi Senior High/Tech","Ashanti","Obuasi","Obuasi","Mixed","obuasishst@ges.gov.gh","0240313002","6.211542","-1.6894045"
"Pentecost Senior High, Kumasi","Ashanti","Kumasi Metro","Breman West","Mixed","pentecostshs@gmail.com","+233 24 405 0069","6.75","-1.5"
"Presby Senior High, Osu","Greater Accra","Korle Klottey","Osu","Mixed","presecosuartistry.ediboard1957@gmail.com","+233 24 017 8674","5.5605929","-0.1824391"
"Presby Senior High, Suhum","Eastern","Suhum","Suhum","Mixed","@","+233 24 421 7546","6.035885","-0.4552751"
"Serwaa Kesse Girls Senior High","Ahafo","Tano North","Duayaw Nkwanta","Girls","serwaakessegirlsshs@ges.gov.gh","+233 24 281 9942, +233 20 815 0359, +233 24 383 2368","7.1688373","-2.1002486"
"Suhum Senior High/Tech","Eastern","Suhum","Suhum","Mixed","suhumshst@ges.gov.gh","0240313002","6.035885","-0.4552751"
"Wa Tech. Inst.","Upper West","Wa Municipal","Wa","Mixed","watechinst@ges.gov.gh","020 589 8781","10.0623261","-2.5054273"
"West Africa Senior High","Greater Accra","La Nkwantanang Madina","Adenta","Mixed","wassfwi@gmail.com","+233 24 315 3220, +233 30 222 1202","5.7042433","-0.1690967"
"Abeaseman Comm. Day Senior High","Bono East","Pru","Abease","Mixed","abeasemancommshs@ges.gov.gh","0240313002","7.9585737","-1.1802827"
"Abetifi Presby Senior High","Eastern","Kwahu East","Abetifi","Mixed","abetifipresbyshs@gmail.com","+233 24 353 3498, +233 24 450 3108, +233 30 786 5261, +233 24 465 7474","6.672433","-0.743845"
"Abor Senior High","Volta","Anlo Keta","Abor","Mixed","aborsco50@gmail.com","+233 20 827 2768","6.0625442","0.86207"
"Aburaman Senior High","Central","Abura Asebu Kwamankese","Abura Dunkwa","Mixed","aburamandata@gmail.com","+233 54 790 2506, +233 24 250 7233, +233 33 213 3785, +233 24 845 6735, +233 25 745 4351","5.3403473","-1.1712848"
"Acherensua Senior High","Ahafo","Asutifi South","Acherensua","Mixed","acherensuashs@ges.gov.gh","+233 24 827 0933","6.9723205","-2.2987924"
"Achiase Senior High","Eastern","Achiase","Achiase","Mixed","achiaseshs@ges.gov.gh","+233 24 669 2322","5.8354534","-0.9966928"
"Ada Senior High","Greater Accra","Ada East","Ada-Foah","Mixed","ada.shs@outlook.com","+233 24 915 0621, +233 24 420 3367, +233 571032163","5.5996507","-0.1134774"
"Adaklu Senior High","Volta","Adaklu","Adaklu","Mixed","adaklusec@gmail.com","+233 55 718 1799","6.5763679","0.5867124"
"Adidome Senior High","Volta","Central Tongu","Adidome","Mixed","info@adidomeshs.com","+233 24 203 7510","6.0730516","0.5031509"
"Adonten Senior High","Eastern","Akwapim South","Aburi","Mixed","adontenseniorhighschool33@yahoo.com","+233 34 209 5603, +233 24 678 3706, +233 24 418 3570","5.8474757","-0.1752664"
"Agona Fankobaa Senior High","Central","Agona West","Agona Abodom","Mixed","fankobaashs@gmail.com","+233 24 387 9998, +233 24 408 9582","5.544203","-0.836264"
"Akuapem Technical Institute","Eastern","Akwapem South","Kitase-Aburi","Mixed","jgknoltechvocinst@ges.gov.gh","0240313002","5.8135316","-0.185369"
"Amaniampong Senior High","Ashanti","Mampong","Mampong","Mixed","greatamass1965@gmail.com","+233 20 823 6380, +233 24 375 1006, +233 24 498 0591, +233 24 605 3756","7.056139","-1.40425"
"Anfoega Senior High","Volta","North Dayi","Anfoega","Mixed","anfoesec50@gmail.com","+233 20 320 4550","6.887494","0.276692"
"Anum Presby Senior High","Eastern","Asuogyaman","Anum","Mixed","ansec15@gmail.com","+233 24 454 9618, +233 55 819 5737, +233 20 550 6167","6.4934728","0.1506472"
"Apam Senior High","Central","Gomoa West","Apam","Mixed","greatapass@gmail.com","+233 24 405 8357, +233 24 497 4906, +233 551 452 934, +233 24 064 9733","5.283297","-0.737975"
"Asanteman Senior High","Ashanti","Kumasi Metro","Bantama","Mixed","asantemann@gmail.com","+233 24 420 6959, +233 322 023 108","6.7051319","-1.63486"
"Assin Manso Senior High","Central","Assin South","Assin Manso","Mixed","assin_manso@yahoo.com","+233 24 452 2626, +233 56 048 3267, +233 26 456 6901","5.5226051","-1.1654198"
"Ayanfuri Senior High","Central","Upper Denkyira West","Ayanfuri","Mixed","ayanfurishs@ges.gov.gh","+233 24 127 7750, +233 24 849 0542","5.9602024","-1.8951464"
"Bolgatanga Central Technical Institute","Upper East","Bolgatanga Municipal","Bolgatanga","Mixed","info@gtvets.gov.gh","0240313002","10.7853963","-0.8487322"
"Bosomtwe Girls STEM Senior High","Ashanti","Bosomtwe","Deduako","Girls","info@bosomtwegirlsstem.edu.gh","0240313002","6.5538385","-1.4587382"
"Bosomtwe Oyoko Comm. Senior High","Ashanti","Bosomtwe","Bosomtwe Oyoko","Mixed","bosomtweoyokocommshs@ges.gov.gh","0240313002","6.5536688","-1.5705196"
"Chemu Senior High/Tech","Greater Accra","Tema","Tema Comm 4","Mixed","chemushst@ges.gov.gh","0240313002","5.7740723","0.0048937"
"Dzodze Penyi Senior High","Volta","Ketu North","Dzodze","Mixed","dzodzeshs@gmail.com","+233 24 065 4718, +233 36 209 2710, +233 20 831 9081","6.233809","0.994012"
"Ejisu Senior High/Tech","Ashanti","Ejisu Municipal","Ejisu","Mixed","ejisushst@ges.gov.gh","0240313002","6.7139918","-1.4665782"
"Ejuraman Technical Institute","Ashanti","Ejura Sekyedumase","Ejura","Mixed","support@basic.edu.gh","0240313002","7.3846802","-1.355945"
"Forces Senior High/Tech, Burma Camp","Greater Accra","La Dade-Kotopon Municipal","Burma Camp","Mixed","forcesshs@ges.gov.gh","0240313002","5.5958417","-0.1534856"
"Ghanata Senior High","Greater Accra","Shai-Osudoku","Dodowa","Mixed","ghanatashs@gmail.com","+233 24 489 1937","5.8800281","-0.1046646"
"Gomoa Gyaman Senior High","Central","Gomoa Central","Gomoa Gyaman","Mixed","gomoagyamanshs@gmail.com","+233 24 464 3691, +233 077 77006, +233 24 093 3984, +233 24 485 5582","5.494894","-0.7643444"
"Huni Valley Senior High","Western","Prestea Huni Valley","Huni Vallley","Mixed","hunivalleyshs@ges.gov.gh","0240313002","5.5","-2.5"
"Krobea Asante Technical & Vocational Inst.","Ashanti","Sekyere East","Asokore","Mixed","katvi.edu@gmail.com","+233 24 318 3577, +233 24 402 9845","6.8449219","-1.386922"
"Mpraeso Senior High","Eastern","Kwahu South","Mpraeso","Mixed","mpassgh@gmail.com","+233 20 297 3539, +233 24 424 3228","6.596614","-0.733393"
"New Nsutam Senior High/Tech","Eastern","Fanteakwa South Municipal","Akyem Nsutam","Mixed","newnsutamshst@ges.gov.gh","0240313002","6.5","-0.5"
"Ngleshie Amanfro Senior High","Greater Accra","Ga South","Ngleshie Amanfro","Mixed","ngleshieamanfroshs@ges.gov.gh","+233 24 445 8080, +233 30 396 1819","5.5411729","-0.4036"
"Nkawie Senior High/Tech","Ashanti","Atwima Nwabiagya","Nkawie","Mixed","nkawieshst@ges.gov.gh","0240313002","6.667897","-1.809725"
"Nkoranza Senior High/Tech","Bono East","Nkoranza South","Nkoranza","Mixed","nkoranzashst@ges.gov.gh","0240313002","7.6840763","-1.6507715"
"Notre Dame Sem/ Senior High, Navrongo","Upper East","Kasena-Nankani East","Navrongo","Boys","notredamesemshs@ges.gov.gh","0240313002","10.8928117","-1.0883729"
"Odorgonno Senior High","Greater Accra","Ga Central Municipal","Awoshie","Mixed","info@ossa.edu.gh","+233 54 537 8291","5.587278","-0.2780901"
"Ofoase Senior High/Tech","Ashanti","Asante Akim South","Ofoase","Mixed","osets2015@gmail.com","0240313002","6.3913329","-1.2840249"
"Osei Kyeretwie Senior High","Ashanti","Kumasi Metro","Old Tafo - Kumasi","Mixed","info@okess.edu.gh","+233 55 384 5370","6.7341965","-1.6126943"
"Osei Tutu Senior High, Akropong","Ashanti","Atwima Nwabiagya","Akropong","Boys","otshs@gmail.com","+233 24 330 7213, +233 54 747 2237, +233 54 915 1522, +233 24 612 1103, +233 24 700 3883","6.7418404","-1.7305666"
"Oti Boateng Senior High","Eastern","New Juaben North Municipal","Koforidua","Mixed","otiboatshs@gmail.com","+233 24 438 1775","6.100334","-0.2614572"
"Oyoko Methodist Senior High","Eastern","New Juaben North Municipal","Oyoko","Mixed","omessgh@yahoo.com","+233 24 458 0242, +233 24 438 9492, +233 24 647 8092","6.1372155","-0.2882317"
"St. Margaret Mary Snr.High/Tech","Greater Accra","Accra","Dansoman","Mixed","stmargaretmaryshst@ges.gov.gh","0240313002","5.5448458","-0.2680674"
"St. Monica's Senior High, Mampong","Ashanti","Mampong","Mampong","Girls","INFO@MONICO.EDU.GH","+233 54 451 6215, +233 24 466 1618, +233 20 812 6838","7.056139","-1.40425"
"Teshie Tech. Instittute","Greater Accra","Ledzokuku","Teshie","Mixed","teshietechnicalcentre@gmail.com","+233 24 060 9557, +233 24 468 6349","5.5822343","-0.1135104"
"Tweneboa Kodua Senior High","Ashanti","Sekyere Kumawu","Kumawu","Mixed","tkshskumawu@gmail.com","+233 20 627 4796, +233 26 768 1129, +233 24 228 8840, +233 20 228 8853","6.910457","-1.277911"
"Winneba Senior High","Central","Effutu","Winneba","Mixed","winnebasecondary@yahoo.com","+233 20 812 9851, +233 33 232 2003","5.35006","-0.62134"
"Zuarungu Senior High","Upper East","Bolgatanga East","Zuarungu","Mixed","zuarungushs@ges.gov.gh","0240313002","10.7895467","-0.802708"
"Abakrampa Senior High/Tech","Central","Abura Asebu Kwamankese","Abakrampa","Mixed","infoabk@gmail.com","0240313002","5.2482441","-1.234513"
"Abeadze State College","Central","Mfantseman Municipal","Abeadze Dominase","Mixed","abeadzestatecollege@yahoo.com","+233 55 656 5091, +233 24 341 4207","5.3498444","-1.088851"
"Abetifi Tech. Inst.","Eastern","Kwahu East","Abetifi","Mixed","abetifitechinst@ges.gov.gh","+233 59 156 0513, +233 55 860 8045","6.672433","-0.743845"
"Adankwaman Senior High","Central","Assin South","Assin Darmang","Mixed","adansec1983@gmail.com","+233 24 470 3519, +233 54 857 3695, +233 24 410 5653, +233 33 219 6802, +233 54 286 0327, +233 24 988 9417","5.4554568","-1.1584836"
"Aduman Senior High","Ashanti","Afigya-Kwabre","Aduman","Mixed","adumanshs@ges.gov.gh","+233 27 7872777, +233 24 376 4865, +233 24 206 7686, +233 24 488 6614","6.826714","-1.624992"
"Adventist Senior High, Kumasi","Ashanti","Kumasi Metro","Bantama-Kumasi","Mixed","adventistkumasishs@ges.gov.gh","+233 24 321 5472, +233 20 040 6930","6.7051319","-1.63486"
"Afigyaman Senior High School","Ashanti","Afigya-Kwabre","Kyekyewere","Mixed","afigyamanshs@gmail.com","+233 244853764, +233 4 929 0303","6.9689793","-1.4437218"
"Akim Asafo Senior High","Eastern","Abuakwa South Municipal","Akim Asafo","Mixed","akimasafoshs@ges.gov.gh","+233 24 451 9535","6.1822835","-0.4658665"
"Akim Swedru Senior High","Eastern","Birim South","Akim Swedru","Mixed","akimswedrushs@ges.gov.gh","+233 24 157 5055","5.8933588","-1.0158347"
"Akome Senior High/Tech.","Volta","Ho West","Akome","Mixed","akomeshst@ges.gov.gh","0240313002","6.8144179","0.4649663"
"Amankwakrom Fisheries Agric. Tech. Inst.","Eastern","Kwahu Afram Plains North","Amankwakrom","Mixed","amankwatech97@gmail.com","+233 34 229 2470, +233 24 410 7866","7.0522203","0.0270875"
"Anlo Awomefia Senior High","Volta","Anlo Keta","Anyako","Mixed","awoamefia@gmail.com","+233 24 285 1457, +233 24 405 2957","5.9949327","0.9144465"
"Anlo Senior High","Volta","Keta Municipal","Anloga","Mixed","anlosec@yahoo.com","+233 20 816 2907, +233 24 345 6162, +233 20 816 2907","5.7936484","0.8984702"
"Annor Adjaye Senior High","Western","Jomoro","Ezilibo","Mixed","annoadjaye@gmail.com","+233 27 721 1653, +233 54 942 0024, +233 242 314 962, +233 24 352 3249","5.5","-2.5"
"Antoa Senior High","Ashanti","Kwabre East","Antoa","Mixed","antoaseniorhigh@gmail.com","+233 24 498 7344, +233 55 122 2884","6.75749","-1.5250477"
"Asare Bediako Senior High .","Ashanti","Adansi North","Akrokerri","Mixed","absecakrokerri@yahoo.com","+233 24 424 8602, +233 244990293","6.298552","-1.628858"
"Asukawkaw Senior High","Oti","Krachi East","Asukawkaw","Mixed","asukawkawshs123@gmail.com","+233 24 367 1070","7.6831274","0.3629789"
"Asuom Senior High","Eastern","Kwaebibirem","Asuom","Mixed","asuoms@yahoo.com","+233 24 461 3412, +233 20 819 4983","6.2633718","-0.8739285"
"Avatime Senior High","Volta","Ho West","Vane","Mixed","avasec1@yahoo.com","+233 24 459 2626, +233 24 525 1663","6.8235344","0.4237074"
"Awutu Winton Senior High","Central","Awutu Senya West","Awutu","Mixed","awshsteam@edp-trust.org","+233 24 472 1353","5.512649","-0.5126557"
"Axim Girls Senior High","Western","Nzema East","Axim","Girls","aximgirls2007@gmail.com","+233 24 447 9085","4.865362","-2.242169"
"Ayirebi Senior High","Eastern","Akyemansa","Ayirebi","Mixed","ayisec1992@yahoo.com","+233 54 320 0365, +233 20 195 8332","6.0864225","-1.1295503"
"Bankoman Senior High","Ashanti","Sekyere Kumawu","Banko","Mixed","shsbankoman@gmail.com","+233 244260724","6.9390364","-1.3863181"
"Bechem Presby Senior High","Ahafo","Tano South","Bechem","Mixed","bechempresecshs@gmail.com","+233 24 496 9341, +233 24 335 2590, +233 50 654 8387","7.0921604","-2.0345287"
"Benkum Senior High","Eastern","Akwapim North Municipal","Larteh-Akwapim","Mixed","benkumseniorhigh@gmail.com","+233 24 454 6520, +233 20 721 0735","5.939456","-0.0688571"
"Beposo Senior High","Ashanti","Bosomtwe","Beposo","Mixed","besecshs2017@gmail.com","+233 24 363 8700, +233 54 598 0670, +233 24 166 4797","6.9811243","-1.3523291"
"Bimbilla Senior High","Northern","Nanumba North","Bimbilla","Mixed","bimbillaseniorhigh@gmail.com","0249891741, 024 272 1179, 0244065293","8.859349","0.0557043"
"Boa-Amponsem Senior High","Central","Upper Denkyira East Municipal","Dunkwa-On-Offin","Mixed","boass.edugh@yahoo.com","+233 54 247 1208, +233 24 354 2635, +233 24 257 4715, +233 55 393 9587","5.9678765","-1.7873448"
"Bodi Senior High","Western North","Bodi","Bodi","Mixed","bodishs2@gmail.com","+233242375196","6.233618","-2.7542226"
"Bodwesango Senior High","Ashanti","Adansi North","Bodwesango","Mixed","bodwesangoshs@gmail.com","+233 203461568, +233 545173468","6.279969","-1.42176"
"Bole Senior High","Savannah","Bole","Bole","Mixed","boleshs@ges.gov.gh","+233 (0)24 238 8347, +233 (0)504817187, +233 (0)243418437","9.0370166","-2.4894104"
"Bongo Senior High","Upper East","Bongo","Bongo","Mixed","bonsec@gmail.com","024 476 8811","10.9090802","-0.8075062"
"Bonzo-Kaku Senior High","Western","Ellembele","Awiebo","Mixed","kakubonzo@yahoo.com","0208195630","5.041446","-2.4511269"
"Breman Asikuma Senior High","Central","Asikuma/Odoben/Brakwa","Breman Asikuma","Mixed","beautiful_bass@yahoo.com","+233 24 969 0755, +233 24 454 0777, +233 33 209 1765, +233 54 372 2669","5.581607","-0.9989695"
"Bueman Senior High .","Oti","Jasikan","Jasikan","Mixed","busec1960@gmail.com","+233 24 456 9592","7.4074992","0.4728236"
"Buipe Senior High","Savannah","Central Gonja","Buipe","Mixed","buipeshs@ges.gov.gh","+233 24 967 5753, +233 24 561 3701, +233 50 520 2416","8.7894174","-1.4682039"
"Busunya Senior High","Bono East","Nkoranza North","Busunya","Mixed","busecmail@gmail.com","+233 24 366 8281","7.6830822","-1.6679835"
"Chiana Senior High","Upper East","Kasena-Nankani West","Chiana","Mixed","chianasec@gmail.com","020 561 9282, 024 528 1175, 050 885 4484","10.8554143","-1.2727878"
"Dadease Agric Senior High","Ashanti","Sekyere Kumawu","Dadease","Mixed","dadeaseagricshs@gmail.com","+233 24 862 2579, +233 32 209 1099, +233 32 239 5671, +233 24 465 0328, +233 24 082 7267","6.3306434","-1.9808261"
"Dadieso Senior High","Western North","Suaman","Dadieso","Mixed","dadiesoshs@yahoo.com","+233246944703","6.1080533","-3.0452475"
"Daffiamah Senior High","Upper West","Bussie-Issa","Daffiamah","Mixed","daffiamashs2018@gmail.com","024 399 9682, 054 800 2351","10.4171624","-2.5613049"
"Damongo Senior High","Savannah","West Gonja","Damongo","Mixed","damongoshs@ges.gov.gh","+233 (0)243418541, +233 (0)24 344 3761, +233 (0)20 685 5778","9.0850647","-1.8200755"
"Dofor Senior High","Volta","North Tongu","Juapong","Mixed","dorforshs@gmail.com","+233 20 443 3069, +233 24 344 7511","6.2545011","0.135253"
"Dompoase Senior High","Ashanti","Adansi North","Dompoase","Mixed","dompoaseshs1965@gmail.com","+233 20 422 1081, +233 24480 5912, +233 55 634 9017","6.3095235","-1.5309699"
"Donkorkrom Agric Senior High","Eastern","Kwahu Afram Plains North","Donkorkrom","Mixed","dashsdkrom@yahoo.com","+233 24 352 2733","7.0471118","-0.0809551"
"Dzolo Senior High","Volta","Ho West","Dzolo","Mixed","dzoloseniorhigh@gmail.com","+233 24 429 1932, +233 20 174 235, +233 24 267 5114, +233 24 429 1932","6.7875656","0.4403069"
"Edinaman Senior High","Central","Komenda/Edina/Eguafo/Abirem Municipal","Elmina","Mixed","edisecshs@yahoo.com","+233 24 332 0364, +233 24 364 9578, +233 24 476 6087","5.085879","-1.350578"
"Eguafo-Abrem Senior High","Central","Komenda/Edina/Eguafo/Abirem Municipal","Eguafo Abirem","Mixed","eguafoabremshs240@gmail.com","+233 24 330 6285, +233 24 368 6655","5.1302015","-1.4399593"
"Enyan-Abaasa Technical Institute","Central","Ajumako/Enyan/Esiam","Enyan Abaasa","Mixed","eabatech@gmail.com","+233 243 077 731, +233 241 425 851, +233 24 275 8765, +233 54 426 9397","5.3617412","-0.9453587"
"Fettehman Senior High","Central","Gomoa East","Gomoa Fetteh","Mixed","fettehmanshs@gmail.com","+233 20 986 4779, +233 20 505 8318","5.4207549","-0.4693429"
"Guakro Effah Senior High","Bono East","Techiman North","Offuman","Mixed","guakroeffah1991@gmail.com","+233 24 218 8838, +233 24 719 3310, +233 24 235 7246","7.787831","-1.9702177"
"Half Assini Senior High","Western","Jomoro","Half Assini","Mixed","hascoshs60@gmail.com","+233206777099","5.0513539","-2.885167"
"Islamic Girls Senior High,Suhum","Eastern","Suhum","Korase-Suhum","Girls","igshs1999@gmail.com","+233 24 415 7477, +233 24 496 1933","6.5","-0.5"
"Islamic Senior High,Kumasi","Ashanti","Kumasi Metro","Ampabame","Mixed","gmmissec@gmail.com","+233 24 423 3157","6.9444392","-1.6812274"
"Jema Senior High","Bono East","Kintampo South","Jema","Mixed","Jemashs@gmail.com","+233 35 202 8607","7.9047929","-1.7644223"
"Kadjebi-Asato Senior High","Oti","Kadjebi","Kadjeto-Asato","Mixed","kaseckosu@gmail.com","+233 20 797 7620, +233 24 425 7946","8.1","-1.2"
"Kajaji Senior High","Bono East","Sene East","Kajaji","Mixed","kajas911@gmail.com","0202730865","7.7823889","-0.2121905"
"Kalpohin Senior High","Northern","Sagnerigu Municipal","Tamale","Mixed","kalpohinshs@gmail.com","+233372022491","9.4051992","-0.8423986"
"Kanton Senior High","Upper West","Sisala East","Tumu","Mixed","kantonshs@gmail.com","+233392020854","10.892485","-1.9840812"
"Konadu Yiadom Catholic Senior High","Ashanti","Sekyere South","Asamang","Mixed","koyiss123@yahoo.com","+233 54 507 4632, +233 24 191 0303, +233 24 757 4906","6.7676435","-1.6936487"
"Kukuom Agric Senior High","Ahafo","Asunafo South","Kukuom","Mixed","kukuomagricshs1976@gmail.com","+233 24 882 4984, +233 20 81 4178, +233 20 847 4988","6.6847903","-2.4374575"
"Kwahu Ridge Senior High","Eastern","Kwahu South","Obo-Kwahu","Mixed","kwahurigdgeshs@gmail.com","+233 27 781 7115, +233 24 489 8059, +233 54 548 2781","6.6082956","-0.7724724"
"Kwahu Tafo Senior High","Eastern","Kwahu East","Kwahu Tafo","Mixed","kwahutafoshs.edu.gh@gmail.com","+233 24 285 0387, +233 20 819 0772","6.6581884","-0.6552285"
"Mansoman Senior High","Ashanti","Amansie West","Manso Atwere","Mixed","mansomanshs2017@yahoo.com","+233 24 336 0255, +233 32 219 6025","6.4574384","-1.8575073"
"Manya Krobo Senior High","Eastern","Lower Manya Krobo","Nuaso New Town","Mixed","manyakroboshs68@gmail.com","+233 24 705 8656, +233 30 393 1229","6.5","-0.5"
"Methodist High School,Saltpond","Central","Mfantseman Municipal","Saltpond","Mixed","methodisthigh@gmail.com","025 603 4516","5.203008","-1.057419"
"Mozano Senior High","Central","Gomoa West","Mozano","Mixed","greatmosec@gmail.com","+233 24 474 5978","5.5036348","-0.850912"
"New Edubiase Senior High","Ashanti","Adansi South","New Edubiase","Mixed","nessedubiase@hotmail.com","+233 24 447 2772","6.06106","-1.391838"
"Nkawkaw Senior High","Eastern","Kwahu West","Nkawkaw","Mixed","nkawkawsec@yahoo.com","+233 54 493 2318, +233 55 467 8056, +233 34 312 2204, +233 20 410 0934, +233 55 467 8056","6.552795","-0.769811"
"Nsaba Presby Senior High","Central","Agona East","Nsaba","Mixed","info@nsabapresec.net","+233 20 566 6658, +233 33 209 0069","5.6451356","-0.7501208"
"Nsawam Senior High","Eastern","Nsawam Adoagyiri Municipal","Nsawam","Mixed","nsasco91@gmail.com","+233 24 411 4222, +233 34 212 2146","5.814382","-0.345786"
"Ofoase Kokoben Senior High","Ashanti","Bekwai","Ofoase Kokobin","Mixed","ofkoss2010@gmail.com","+233 20 691 4152","6.75","-1.5"
"Osei Adutwum Senior High","Ashanti","Bosomtwe","Jachie","Mixed","oseiadutumsha2019@gmail.com","+233 24 311 2745","6.5700264","-1.5200748"
"Osei Bonsu Senior High","Bono East","Nkoranza North","Yefri","Mixed","yefriman.shs@gmail.com","+233 20 863 6191","7.6923806","-1.7486405"
"Otumfuo Osei Tutu II College","Ashanti","Afigya-Kwabre","Tetrem","Mixed","osec15@rocketmail.com","+233 20 745 0330, +233 24 424 5446, +233 24 482 5944","6.5548379","-1.9138049"
"S.D.A Senior High, Koforidua","Eastern","New Juaben North Municipal","Asokore-Koforidua","Mixed","sdaseniorhigh.ask@gmail.com","+233 24 409 9798, +233 24 464 1839","6.1145587","-0.2699188"
"Sakafia Islamic Senior High","Ashanti","Asokore Mampong Municipal","Sawaba","Mixed","gsakisco2013@gmail.com","+233 26 844 4619","6.75","-1.5"
"Salvation Army Senior High, Akim Wenchi","Eastern","Denkyembour","Akim Wenchi","Mixed","shssasec@gmail.com","+233 24 307 3518, +233 24 978 4089","5.9973888","-0.9296739"
"Samuel Otu Presby Senior High.","Ahafo","Tano South","Techimantia","Mixed","tpresbyshs@gmail.com","+233 20 665 7061, +233 24 951 2175","7.181951","-2.0288336"
"Sankore Senior High","Ahafo","Asunafo South","Sankore","Mixed","uniquesahis@gmail.com","+233 20 817 2431, +233 24 699 4588","6.5175229","-2.4987558"
"Saviour Senior High, Osiem","Eastern","Abuakwa North Municipal","Osiem","Mixed","savioursnrhigh@gmail.com","+233 24 341 2811, +233 24 409 1908","6.25358","-0.421964"
"Sefwi Bekwai Senior High","Western North","Bibiani Anhwiaso Bekwai","Sefwi Bekwai","Mixed","sebess91@yahoo.com","+233 24 365 2013, +233 50 390 7770, +233 50 678 3740","6.194544","-2.3222895"
"Shama Senior High","Western","Shama","Shama","Mixed","shass.high@yahoo.com","+233 27 527 8330, +233 54 966 0888","5.0102883","-1.6289843"
"Sogakofe Senior High","Volta","South Tongu Municipal","Sogakofe","Mixed","sogasco@ymail.com","+233 24 466 0594, +233 50 355 7792","5.9989117","0.5951312"
"St. Francis Seminary Senior High, Buoyem","Bono East","Techiman North","Buoyem","Boys","stfrancisshs@gmail.com","+233 20 906 9069, +233 50 663 9032","7.66519","-1.9632781"
"St. Jerome Senior High, Abofour","Ashanti","Offinso","Abofour","Mixed","stjeromeshs1@gmail.com","+233 20 863 3313","7.1349599","-1.7318724"
"St. Joseph Senior High, Sefwi Wiawso","Western North","Sefwi Wiawso","Sefwi Wiawso","Mixed","stjosephshs45.datano@gmail.com","+233 20 307 1140","6.2064665","-2.4855092"
"St. Martin's Senior High, Nsawam","Eastern","Nsawam Adoagyiri Municipal","Nsawam","Mixed","stmartinshs@gmail.com","+233 26 235 6430, +233 20 817 1205, +233 24 216 7471, +233 55 533 8770","5.814382","-0.345786"
"St. Michael's Senior High, Ahenkro","Ashanti","Afigya-Kwabre","Ahenkro","Mixed","stmichaelsseniorhighschool@gmail.com","+233 32 249 1190, +233 54 478 2625, +233 20 097 3248","6.8745359","-1.6405664"
"St. Michael's Senior High, Akoase (Nkawkaw)","Eastern","Birim North","Akoase","Mixed","abams770@outlook.com","+233 24 454 2765, +233 54 463 1550","6.5496523","-0.2382606"
"St. Paul's Senior High, Denu","Volta","Ketu South","Hatsukope/ Denu","Boys","greatspaco1958@gmail.com","+233 55 675 4672, +233 24 796 4562","6.1242523","1.1272868"
"Sumaman Senior High","Bono","Jaman North","Suma-Ahenkro","Mixed","sumamanhighschool@gmail.com","+233 20 817 4233","7.916847","-2.7156757"
"Swedru Senior High","Central","Agona East","Swedru","Mixed","swedrusecondaryschool@yahoo.com","+233 24 487 7941, +233 24 958 3601, +233 24 725 5718, +233 24 451 3401","5.534454","-0.700763"
"T. I. Ahmadiyya Senior High, Wa","Upper West","Wa Municipal","Wa","Mixed","uniqueamass.wa@gmail.com","+233 24 698 5569","10.0623261","-2.5054273"
"Tamale Girls Senior High","Northern","Tamale Metro","Tamale","Girls","pagnaa99@gmail.com","+233244221890","9.4051992","-0.8423986"
"Tanyigbe Senior High","Volta","Ho Municipal","Tanyigbe","Mixed","icttashs@gmail.com","+233 24 252 3971, +233 24 311 5791","6.6986217","0.5262272"
"Tarkwa Senior High","Western","Tarkwa-Nsuaem","Tarkwa","Mixed","tarsco77@yahoo.com","+233 55 983 1118, +233 20 816 5898, +233 24 271 0390, +233 31 232 0358","5.310935","-1.992426"
"Techiman Senior High","Bono East","Techiman","Techiman","Mixed","techimanshs@gmail.com","+233 24 643 9713, +233 35 209 1688","7.584846","-1.9267309"
"Tepa Senior High","Ashanti","Ahafo Ano North","Tepa","Mixed","tepashs@ymail.com","+233 27 785 8643, +233 32 219 4490","7.0048059","-2.163816"
"Terchire Senior High","Ahafo","Tano North","Terchire","Mixed","terchireshs@gmail.com","+233 24 471 3468, +233 24 204 5470","7.2316721","-2.1751937"
"Toase Senior High","Ashanti","Atwima Nwabiagya","Toase","Mixed","info@toss.edu.gh","+233 24 492 6572","6.6595565","-1.8133021"
"Ullo Senior High","Upper West","Jirapa","Ullo","Mixed","Ulloshs91@yahoo.com","+233 24 262 9225, +233 20 749 1239","10.690397","-2.5639983"
"University Practice Senior High","Central","Cape Coast","Cape Coast","Mixed","upshs@yahoo.com","+233 24 712 7737, +233 24 450 8852, +233 27 774 2638, +233 50 980 0062","5.1080932","-1.2417103"
"Worawora Senior High","Oti","Biakoye","Worawora","Mixed","woraworashs@gmail.com","+233 24 991 8218","7.5067042","0.3778874"
